This file is perhaps not complete. If you have contributed some code
and have been forgotten, please mail the maintainer.

All the names are in alphabetical order.

Original Author and Project Leader:
Damien Sandras  <dsandras@seconix.org>

Regular Contributors :
Kilian Krause <kk@verfaction.de> 
Julien Puydt <julien.puydt@laposte.net>
Luc Saillard <luc@saillard.org>
Jan Schampera <jan.schampera@web.de>
Craig Southeren <craigs@postincrement.com>

Contributors:
Fabrice Alphonso <fabrice@alphonso.dyndns.org>
Bastian Blank <waldi@debian.org>
Benoit Boissinot <bboissin@gmail.com>
Stefan Bruens <lurchi@gmx.li>
Frédéric Crozat <fcrozat@mandriva.com>
Sébastien Estienne <sebastien.estienne@gmail.com>
Robert Jongbloed <rjongbloed@postincrement.com>
Andre Kirchner <supercroc1974@yahoo.com>
Vincent Luba <luba@novacom.be>
Marc-Andre Lureau  <marcandre.lureau@gmail.com>
Matthias Schneider <ma30002000@yahoo.de>
Johnny Strom <jonny.strom@netikka.fi>
Daniel Veillard <veillard@redhat.com>

Artwork and Websites:
Andreas Kwiatkowski <post@kwiat.org>
Fabian Deutsch <fabian.deutsch@gmx.de>
Carlos Pardo <me@m4de.com>
Andreas Nilsson <nisses.mail@home.se>
Jakub Steiner <jimmac@ximian.com>
Cédric Valcke <cvalcke@free.fr>

Documentation:
Damien Sandras <dsandras@seconix.com>
Christopher Warner <zanee@kernelcode.com>
Matthias Redlich <m-redlich@t-online.de>

Translators:
Thanks to all of them!

---------------------------------------------------------

Former Contributors:
Paul Ashton <paul@argo.dyndns.org> 
Kenneth Rohde Christiansen <kenneth@gnu.org>
Vincent Deroo <vincent.deroo@neuf.fr>
Artur Flinta  <aflinta@at.kernel.pl>
Christopher R. Gabriel <cgabriel@cgabriel.org>
Georgi Georgiev <chutz@gg3.net>
Florin Grad <florin@mandrakesoft.com>
Roger Hardiman <roger@freebsd.org>
Sébastien Josset <Sebastien.Josset@space.alcatel.fr>
Shawn Pai-Hsiang Hsiao <shawn@eecs.harvard.edu>
Chih-Wei Huang <cwhuang@citron.com.tw>
Alexander Larsson <alexl@redhat.com>
Benjamin Leviant <belevian@gmail.com>
Cristiano De Michele <demichel@na.infn.it>
Santiago Garcia Mantinan <manty@manty.net>
Matthias Marks <matthias@marksweb.de>
Bob Mroczka <bob@mroczka.com>
Miguel Rodriguez Perez <miguelrp@gmail.com>
Rafael Pinilla <r_pinilla@yahoo.com>
Christian Rose <menthos@menthos.com>
Christian Strauf <strauf@uni-muenster.de>
Tuan <tuan@info.ucl.ac.be>
